검색어/URL,제목,가격,페이지
자바,2030 경제자립 프로젝트 ①: 금융 활용의 기술,,1
자바,푸른 바닷속의 산호초,,1
자바,뭉게뭉게 구름 택시,,1
자바,초간단 삼플식당 레시피북,,1
자바,늅늅의 야생 기획자 관찰 일지,,1
자바,반짝반짝 한국 미술사 그림책,19800,1
자바,직장인입니다 강남으로 이사 갔고요 질문 받습니다,16920,1
자바,아름다운 여름,19800,1
자바,디테일 러닝,22500,1
자바,기타를 작게 치면서,17100,1
자바,까칠한 알바생과 세종 대왕을 도와라! : 훈민정음과 역사 인물,12600,1
자바,내 마음이 지옥일 때 부처가 말했다,16200,1
자바,단단한 아이로 자라는 마음의 언어,15750,1
자바,[50년 대여 특가세트] 열린책들 세계문학 (전 200권),150000,1
자바,[단독] 조용한 회복,17600,1
자바,트렌드 코리아 2026,14000,1
자바,[묶음] 나는 성간 국가의 악덕 영주! (총10권/미완결),49000,1
자바,무의식의 뇌과학,22500,1
자바,세상은 아름다운 난제로 가득하다,16020,1
자바,토끼전 대 호랑전,14220,1
자바,계수나무 과자점,16020,1
자바,오늘이 내일을 데려올 거야,16200,1
자바,박물관을 빌려드립니다 : 영국,18900,1
자바,헤비,18000,1
자바,소년이 온다,12000,1
자바,커뮤니티에 입장하셨습니다,15000,1
자바,호감의 디테일,12460,1
자바,[묶음] 체인소 맨 (총18권/미완결),50400,1
자바,이재명 시대 부동산,15120,1
자바,"9회 말, 일희일비 야구의 맛",16200,1
자바,조용한 회복,19800,1
자바,책벌레의 비밀 응급실,15300,1
자바,가비지타임 스티커북,19800,1
자바,김난도의 미래 트렌드 연구실 1,15210,1
자바,The Secret of Secrets : 2025년 댄브라운 신작,29900,1
자바,Troubling Tonsils!,14500,1
자바,Time (주간) - Asia Ed. 2025년 09월 29일 : 이재명 대통령 커버,12150,1
자바,[노부영] 베이비 3종 (Baby's Busy World+Choo Choo+10 button book),74400,1
자바,2025 뉴베리 대상+아너상 수상작 세트,32400,1
자바,그래서 이런 나라가 생겼대요 + 그래서 이런 지명이 생겼대요 세트,27000,1
자바,하이빅쌤의 팡팡 터지는 한 단어 영어회화 + 주아쌤의 툭 치면 탁 나오는 영어회화세트,35820,1
자바,멈출 수 없는 우리 1~3권 세트,39960,1
자바,고등 영어 단어 끝 고단끝,25650,1
자바,초등 문해력 최상위 비문학 일3공 세트,27000,1
자바,토끼전 대 호랑전,,1
자바,달꽃 밥상,,1
자바,추석 그림책 달님 송편,,1
자바,달토끼의 후계자를 찾습니다,,1
자바,시대예보: 핵개인의 시대,14700,1
자바,해독 혁명,12950,1
자바,나는 다정한 관찰자가 되기로 했다,12460,1
자바,황금종이 1,9250,1
자바,Herbert von Karajan 바그너: 발퀴레 (Wagner: Die Walkure),100000,1
자바,제니 (JENNIE) - The 1st Studio Album : Ruby [CD Digipack],7020,1
자바,"[블루레이 새제품[ 지 아이 조 2 (3D+2D) - G.I. Joe : Retaliation, 2013 (2DISC)",16600,1
자바,아이유 (IU) - 3rd Mini Plus Album : Real+,24000,1
자바,Jackson 5 (Jackson Five) - Merry Christmas [2009년 MOTOWN/ SPECTRUM/ UNIVERSAL MUSIC EU발매반],26000,1
자바,Taylor Swift - 1989 (Deluxe Edition),49000,1
자바,논술세계대표문학 SET - 60권,124800,1
자바,요술지팡이 이솝우화(전20권),38900,1
자바,소설의 첫 만남 : 11~20권 세트 (전10권) - 소설의 첫 만남,75200,1
자바,인공지능총서 50종 세트 1,533340,1
자바,[아람키즈] 요술항아리 (본책45권+워크북10권),178000,1
자바,만화 나의 문화유산 답사기 확장판 세트 (전10권),55000,1
자바,21세기를 위한 21가지 제언,,1
자바,트럼프 2.0 시대,,1
자바,양면의 조개껍데기,14000,1
자바,스위트 솔티,11900,1
자바,열심히 대충 쓰는 사람,12600,1
자바,여름밤 해변의 무무 씨,12000,1
자바,천 개의 목격자,14900,1
자바,어른의 미래,11200,1
자바,세계를 점령한 중독 경제학,13160,1
자바,탐나는 현대미술,22400,1
자바,궤도의 다시 만난 과학자,15840,1
자바,위험한 미국사,14800,1
자바,착하고 섬세하고 독특하고 완벽주의자인 당신을 위한 문장들,13600,1
자바,콜디츠,23040,1
자바,머니 트렌드 2026,20800,1
자바,실패를 통과하는 일,16500,1
자바,주도섹터 돌파매매 전략,18060,1
자바,주식투자 단기 트레이딩의 정석,26400,1
자바,지금이라도 대비하라,5000,1
자바,EBS 라디오 입이 트이는 영어 2025년 10월호,9600,1
자바,EBS 라디오 POWER ENGLISH 2025년 10월호,7200,1
자바,EBS 라디오 귀가 트이는 영어 2025년 10월호,9600,1
자바,[단독] 요즘 바이브 코딩 클로드 코드 완벽 가이드,17280,1
자바,딥러닝 제대로 이해하기,26600,1
자바,헤드 퍼스트 소프트웨어 아키텍처,29600,1
자바,이모카세의 즐거운 밥상,13950,1
자바,스위치온 다이어트 레시피북,18500,1
자바,신진대사 혁명,13200,1
자바,머리 좋은 아이는 이렇게 키웁니다,12600,1
자바,마름모 코어 스트레칭,12600,1
자바,씨네21 1524호,4500,1
자바,모순,8000,1
자바,[오디오북] 소년이 온다,15000,1
자바,삼체 0 : 구상섬전,18900,1
자바,마약 전쟁,14400,1
자바,도둑맞은 집중력,12600,1
자바,매직필,13500,1
자바,[세트] 먼나라 이웃나라 세트 (총24권),198000,1
자바,관점을 디자인하라,17100,1
자바,[50년 대여] [세트] 레이코 형사 시리즈 (총7권),34400,1
자바,DAY6 (데이식스) - The DECADE [2종 중 1종 랜덤발송],19300,1
자바,엔시티 위시 (NCT WISH) - 미니앨범 3집 : COLOR [Photobook Ver.],17800,1
자바,신승훈 - 12집 : SINCERELY MELODIES,20000,1
자바,브라운 아이드 소울 (Brown Eyed Soul) - 5집 : Soul Tricycle,16300,1
자바,터치드 (TOUCHED) - Red Signal [레드 마블 컬러 LP],49000,1
자바,재주소년 - 7집 머물러 줄래 [LP],47000,1
자바,BOYNEXTDOOR (보이넥스트도어) - 일본 싱글 2집 BOYLIFE [통상반],18200,1
자바,Fujii Kaze (후지이 카제) - 3집 Prema [클리어 컬러 LP],57200,1
자바,성시경 - 일본 미니 앨범: 행복의 형태 (しあわせのかたち Shiawase No Katachi) [초회한정반],104000,1
자바,유다빈밴드 - 2집 : CODA,20800,1
자바,리오 (LEO) - EP : COME CLOSER,17800,1
자바,이준영 - 미니앨범 1집 : LAST DANCE,22900,1
자바,NMIXX (엔믹스) - Blue Valentine [Love Token Ver.],39800,1
자바,BOYNEXTDOOR (보이넥스트도어) - 5th EP [The Action][3종 SET],59400,1
자바,Herbert von Karajan 쇤베르크 / 베르크 / 베베른 (Schoenberg / Berg / Webern) [4LP 박스세트],213800,1
자바,"Andrey Gugnin 쇼스타코비치: 전주곡, 피아노 소나타 (Shostakovich: Preludes & Piano Sonatas) [LP]",46500,1
자바,Alina Ibragimova 바흐: 바이올린 협주곡 (Bach: Violin Concertos) [LP],41800,1
자바,Stephen Hough 그리그 / 리스트: 피아노 협주곡 (Grieg / Liszt: Piano Concertos) [LP],42800,1
자바,"The Nash Ensemble 드뷔시: 현악 사중주, 소나타 (Debussy: String Quartet & Sonatas) [LP]",42800,1
자바,케이팝 데몬 헌터스 영화음악 (KPop Demon Hunters From The Netflix Series OST) [LP],53300,1
자바,Frank Sinatra (프랭크 시나트라) - Giants Of Jazz [2LP],55500,1
자바,트랜스로터 오디오에서 엄선한 오디오파일 모음집 (Favorites by Transrotor),40800,1
자바,Thorens 컴필레이션 (Thorens : New Reference Collection),40800,1
자바,Robbie Williams (로비 윌리암스) - Life Thru A Lens [코크 보틀 컬러 LP],50100,1
자바,방탄소년단 (BTS) - 일본 정규 2집 YOUTH [클리어 퍼플 컬러 2LP],94900,1
자바,Moon / Tsuyoshi Yamamoto (문혜원 with 츠요시 야마모토) - Fascination [LP],71500,1
자바,보아 (BoA) - 11집 Crazier [컬러 LP],53500,1
자바,pH-1 - 정규 3집 WHAT HAVE WE DONE [LP],57900,1
자바,전파상사 - 2/4분기 실적보고서 [LP],46000,1
자바,슬램덩크 TV시리즈ULTIMATE FAN EDITION : 블루레이,448000,1
자바,"슬램덩크 TV시리즈 1~101화 + 극장판 1~4기 + TV 스페셜 + 우리말 녹음 (17Disc, ULTIMATE FAN EDITION) : 블루레이",,1
자바,"범죄도시2 (1Disc, 단독 디자인 일반판) : 블루레이",,1
자바,헌트 (1Disc) : 블루레이,,1
자바,"극장판 주술회전0 한정판 스페셜 박스세트 (2Disc, DVD + BLU-RAY) : 블루레이",,1
자바,독전 (4Disc 4K블루레이 소장판 파이널 컬렉터스 에디션 박스세트) : 블루레이,76900,1
자바,쥬만지 : 넥스트 레벨 (2Disc 4K UHD + 2D 슬립케이스 초회 한정판) : 블루레이,41800,1
자바,스타워즈: 라이즈 오브 스카이워커 (2Disc) : 블루레이,29700,1
자바,초우 (1Disc) : 블루레이,27500,1
자바,007 스펙터 (2Disc 4K UHD + 2D 스틸북 한정판) : 블루레이,46200,1
자바,이웃집 토토로 (2disc),26900,1
자바,너의 이름은. (2Disc 풀슬립)  : 블루레이,36300,1
자바,겨울왕국 3-Movie Collection (3Disc) : 블루레이,58300,1
자바,바이올렛 에버가든 극장판 - 영원과 자동 수기 인형 + 우리말 녹음 + 렌티큘러 부착 슬리브 한정판 (1Disc Lenticular Edition) : 블루레이,44000,1
자바,토이스토리4 (2Disc) : 블루레이,29700,1
자바,어쩌다 발견한 하루 : 감독판 : MBC : 블루레이,275000,1
자바,왕좌의 게임 컴플리트 박스세트 (38Disc 아웃박스),212000,1
자바,열혈사제 감독판 : SBS 드라마 : DVD : 일반판,154000,1
자바,"봄밤 (MBC 일반판, 6Disc) : DVD",88000,1
자바,김비서가 왜그럴까 : 감독판 DVD : tvN : 일반판매,154000,1
자바,겨울왕국2 (1Disc),20400,1
자바,알라딘,20400,1
자바,너의 이름은 (2Disc 한정판),27500,1
자바,협상 (2Disc),25500,1
자바,"반지의 제왕 (확장판 세트, 6Disc)",25300,1
자바,NO.11 크로스백 캐주얼 데일리 여행 메신저백-블랙,30900,1
자바,NO.12A 노트북파우치 13인치 14인치 15인치 16인치 17인치-블랙,29900,1
자바,NO.4E 노트북 파우치 13인치 14인치 15인치 16인치 17인치-그레이,31900,1
자바,NO.4C 노트북 가방 13인치 14인치 15인치 16인치 17인치-베이지,59900,1
자바,NO.3A 노트북파우치 13인치 14인치 15인치 16인치 17인치-크림,32900,1
자바,[예스24배송] 비온뒤 롱인덱스,4140,1
자바,[1+1][예스24배송] GOOD READER 롱 형광 인덱스,4000,1
자바,[예스24배송] 아이코닉 인덱스 롱 하이라이터,4140,1
자바,[예스24배송] 툴러 콜라 미니 플래그,1900,1
자바,[예스24배송] 컬러 인덱스 롱 하이라이터,3500,1
자바,[예스24x발쇼] 에마의 우아함_문학 디퓨저,56000,1
자바,[예스24x발쇼] 개츠비의 태양_문학 디퓨저,56000,1
자바,[예스24x발쇼] 오로르의 꿈_문학 디퓨저,56000,1
자바,[예스24x발쇼] 월든의 숲_문학 디퓨저,56000,1
자바,[예스24x발쇼] 오디세우스의 귀환_문학 디퓨저,56000,1
자바,연극 에쿠우스,,1
자바,뮤지컬 르 마스크,,1
자바,뮤지컬 위키드 내한,,1
자바,그랜드 민트 페스티벌,,1
자바,자라섬재즈페스티벌,,1
자바,WONDERLAND FESTIVAL,,1
자바,그레이하우스,,1
자바,연극 트루웨스트,,1
자바,연극 탐정 산애,,1
자바,뮤지컬 라흐마니노프,,1
자바,뮤지컬 후크,,1
자바,연극 고도를 기다리며를 기다리며,,1
자바,최근본상품명,,1
자바,던전밥 월드 가이드 모험자 바이블 완전판,18000,2
자바,Do it! 알고리즘 코딩 테스트 자바 편,32400,2
자바,쉽게 배우는 자바 프로그래밍,29000,2
자바,자바스크립트,28800,2
자바,자바 ORM 표준 JPA 프로그래밍,38700,2
자바,혼자 공부하는 자바스크립트,21600,2
자바,쉽게 배우는 자료구조 with 자바,29000,2
자바,Do it! 자바스크립트 입문,16200,2
자바,자바스크립트 프로그래밍 입문,27000,2
자바,난생처음 자바 프로그래밍,29000,2
자바,모던 자바 인 액션,30600,2
자바,백엔드 입문자를 위한 모던 자바스크립트&Node.js,34000,2
자바,네이처 오브 코드 (자바스크립트판),31500,2
자바,자바따 DIAT 인터넷정보검색,14400,2
자바,자바따 DIAT 프리젠테이션 2021,14400,2
자바,자바/스프링 개발자를 위한 실용주의 프로그래밍,28800,2
자바,알기 쉽게 해설한 자바 프로그래밍,30000,2
자바,코딩 자율학습 자바 입문,23400,2
자바,예제로 배우는 자바스크립트,25200,2
자바,자바스크립트 + 리액트 디자인 패턴,25200,2
자바,Lets 실전예제로 배우는 자바 PROGRAMMING,22500,2
자바,Do it! 자바 프로그래밍 입문,26100,2
자바,자바따 DIAT 워드프로세서 2022,14400,2
자바,코딩 테스트 합격자 되기 - 자바 편,37800,2
자바,Do it! 모던 자바스크립트 프로그래밍의 정석,32400,3
자바,자바 병렬 프로그래밍,31500,3
자바,자바 객체지향 프로그래밍 입문 2/e,36000,3
자바,개발자가 반드시 알아야 할 자바 성능 튜닝 이야기,25200,3
자바,기본기가 탄탄한 자바 개발자 (제2판),40500,3
자바,자바따 ITQ 파워포인트 2021 (일반형),14400,3
자바,Do it! 점프 투 자바,18900,3
자바,자바따 DIAT 프리젠테이션 2021 (스탠드형),16200,3
자바,취업과 이직을 위한 프로그래머스 코딩 테스트 문제 풀이 전략 : 자바 편,36000,3
자바,자바 최적화,37800,3
자바,자바 웹 개발 워크북,31500,3
자바,자바따 DIAT 워드프로세서 2022 (스탠드형),16200,3
자바,헤드 퍼스트 자바,37800,3
자바,Must Have 성낙현의 JSP 자바 웹 프로그래밍 (2판),27000,3
자바,자바스크립트 완벽 가이드,37800,3
자바,자바 객체지향 디자인 패턴,25200,3
자바,자바따 ITQ 인터넷,14400,3
자바,스프링 입문을 위한 자바 객체 지향의 원리와 이해,22500,3
자바,초보 개발자를 위한 자바,34200,3
자바,실전 자바 소프트웨어 개발,16200,3
자바,이보다 더 쉬울 수 없는 자바 머신러닝 with Weka,27900,3
자바,자바와 JUnit을 활용한 실용주의 단위 테스트,23400,3
자바,코어 자바스크립트,19800,3
자바,자바 코드의 품질을 높이는 100가지 방법,28800,3
